{
  "images" : [
    {
      "idiom" : "universal",
      "filename" : "avocado-slice-5.jpg",
      "scale" : "1x"
    },
    {
      "idiom" : "universal",
      "filename" : "avocado-slice-6.jpg",
      "appearances" : [
        {
          "appearance" : "luminosity",
          "value" : "light"
        }
      ],
      "scale" : "1x"
    },
    {
      "idiom" : "universal",
      "filename" : "avocado-slice-5-dark.jpg",
      "appearances" : [
        {
          "appearance" : "luminosity",
          "value" : "dark"
        }
      ],
      "scale" : "1x"
    },
    {
      "idiom" : "universal",
      "scale" : "2x"
    },
    {
      "idiom" : "universal",
      "scale" : "2x",
      "appearances" : [
        {
          "appearance" : "luminosity",
          "value" : "light"
        }
      ]
    },
    {
      "idiom" : "universal",
      "scale" : "2x",
      "appearances" : [
        {
          "appearance" : "luminosity",
          "value" : "dark"
        }
      ]
    },
    {
      "idiom" : "universal",
      "scale" : "3x"
    },
    {
      "idiom" : "universal",
      "scale" : "3x",
      "appearances" : [
        {
          "appearance" : "luminosity",
          "value" : "light"
        }
      ]
    },
    {
      "idiom" : "universal",
      "scale" : "3x",
      "appearances" : [
        {
          "appearance" : "luminosity",
          "value" : "dark"
        }
      ]
    }
  ],
  "info" : {
    "version" : 1,
    "author" : "xcode"
  }
}